Workbook

Sheet README
A1: DECLINE CURVE HISTORY MATCHING TOOL
A3: Purpose
A4: Oil and gas wells don't produce at a steady rate forever. Output drops off over time, and engineers use decline curves to model that drop-off and predict how much a well will ultimately produce. This tool takes a well's actual monthly production history and fits an Arps hyperbolic decline curve to it, then uses that fitted curve to forecast production 10 years out and estimate the well's total remaining recovery (EUR).
A6: How It Works
A7: The observed production numbers live on the Data tab. From there, the History Matching tab calculates what the decline curve predicts production should be each month, and compares that to what actually happened. The gap between the two gets squared and summed into one number (Total SSE) — the lower that number, the better the curve fits the real data. From there it's just a matter of adjusting the curve's three parameters (qi, Di, b) until that error number is as small as it can get. Once the fit is good, the same formula is extended forward another 10 years to estimate how much more the well will produce.
A9: Tabs In This Workbook
A10: Readme — this tab Data — the well's raw monthly production numbers History Matching — where the fitting happens: parameters, calculations, error tracking, the chart, and the EUR estimate
A12: Key Terms
A13: qi — the well's starting production rate, pulled straight from month one Di — how fast production falls off early in the well's life b — controls the shape of the decline curve over time; usually somewhere between 0 and 1 for a conventional oil well SSE — a single number showing how far off the modeled curve is from the real data. Smaller is better. EUR — the total production the fitted curve predicts over the next 10 years
A15: Methodology Note
A16: This was built in Excel for the web, which doesn't support the Solver add-in — so instead of letting Solver search for the best-fit parameters automatically, I did it by hand: adjusting qi, Di, and b myself while watching the SSE number in real time, and narrowing in on the combination that minimized the error. Same underlying idea as Solver, just done manually.
A18: Assumptions & Limitations
... A31: numbers.

Sheet Data
A1: Month | B1: Date | C1: Observed Production (bbl/month)
A2: 0 | C2: 1000
A3: 1 | C3: 850
A4: 2 | C4: 740
A5: 3 | C5: 650
A6: 4 | C6: 580
A7: 5 | C7: 520
A8: 6 | C8: 470
A9: 7 | C9: 430
A10: 8 | C10: 390
A11: 9 | C11: 360
A12: 10 | C12: 330
A13: 11 | C13: 310
A14: 12
A15: 13
A16: 14
A17: 15
A18: 16
A19: 17
A20: 18
A21: 19
A22: 20
A23: 21
A24: 22
A25: 23
... A122: 120

Sheet History Matching
A1: PARAMETERS | E1: Total SSE (lower = better fit) | F1: =SUM(D8:D27) -> 4959.2406
A2: qi (initial rate) | B2: =Data!C2 -> 1000
A3: Di (decline rate) | B3: 0.21 | E3: Estimated Ultimate Recovery (10-yr EUR) | F3: =SUM(C8:C127) -> 20368.528
A4: b (hyperbolic exponent) | B4: 1.3
A7: Month (t) | B7: Observed Production | C7: Modeled Production | D7: Squared Error
A8: =Data!A2 -> 0 | B8: =Data!C2 -> 1000 | C8: =$B$2*(1+$B$4*$B$3*A8)^(-1/$B$4) -> 1000 | D8: =(B8-C8)^2 -> 0
A9: =Data!A3 -> 1 | B9: =Data!C3 -> 850 | C9: =$B$2*(1+$B$4*$B$3*A9)^(-1/$B$4) -> 830.54423 | D9: =(B9-C9)^2 -> 378.52691
A10: =Data!A4 -> 2 | B10: =Data!C4 -> 740 | C10: =$B$2*(1+$B$4*$B$3*A10)^(-1/$B$4) -> 715.24403 | D10: =(B10-C10)^2 -> 612.85827
A11: =Data!A5 -> 3 | B11: =Data!C5 -> 650 | C11: =$B$2*(1+$B$4*$B$3*A11)^(-1/$B$4) -> 631.14434 | D11: =(B11-C11)^2 -> 355.53585
A12: =Data!A6 -> 4 | B12: =Data!C6 -> 580 | C12: =$B$2*(1+$B$4*$B$3*A12)^(-1/$B$4) -> 566.77945 | D12: =(B12-C12)^2 -> 174.78306
A13: =Data!A7 -> 5 | B13: =Data!C7 -> 520 | C13: =$B$2*(1+$B$4*$B$3*A13)^(-1/$B$4) -> 515.74803 | D13: =(B13-C13)^2 -> 18.079219
A14: =Data!A8 -> 6 | B14: =Data!C8 -> 470 | C14: =$B$2*(1+$B$4*$B$3*A14)^(-1/$B$4) -> 474.17917 | D14: =(B14-C14)^2 -> 17.465427
A15: =Data!A9 -> 7 | B15: =Data!C9 -> 430 | C15: =$B$2*(1+$B$4*$B$3*A15)^(-1/$B$4) -> 439.58661 | D15: =(B15-C15)^2 -> 91.903134
A16: =Data!A10 -> 8 | B16: =Data!C10 -> 390 | C16: =$B$2*(1+$B$4*$B$3*A16)^(-1/$B$4) -> 410.29634 | D16: =(B16-C16)^2 -> 411.94157
A17: =Data!A11 -> 9 | B17: =Data!C11 -> 360 | C17: =$B$2*(1+$B$4*$B$3*A17)^(-1/$B$4) -> 385.13755 | D17: =(B17-C17)^2 -> 631.89635
A18: =Data!A12 -> 10 | B18: =Data!C12 -> 330 | C18: =$B$2*(1+$B$4*$B$3*A18)^(-1/$B$4) -> 363.26535 | D18: =(B18-C18)^2 -> 1106.5836
A19: =Data!A13 -> 11 | B19: =Data!C13 -> 310 | C19: =$B$2*(1+$B$4*$B$3*A19)^(-1/$B$4) -> 344.05389 | D19: =(B19-C19)^2 -> 1159.6672
A20: 12 | C20: =$B$2*(1+$B$4*$B$3*A20)^(-1/$B$4) -> 327.02909
A21: =Data!A15 -> 13 | C21: =$B$2*(1+$B$4*$B$3*A21)^(-1/$B$4) -> 311.82492
A22: =Data!A16 -> 14 | C22: =$B$2*(1+$B$4*$B$3*A22)^(-1/$B$4) -> 298.15398
A23: =Data!A17 -> 15 | C23: =$B$2*(1+$B$4*$B$3*A23)^(-1/$B$4) -> 285.7873
A24: =Data!A18 -> 16 | C24: =$B$2*(1+$B$4*$B$3*A24)^(-1/$B$4) -> 274.54008
A25: =Data!A19 -> 17 | C25: =$B$2*(1+$B$4*$B$3*A25)^(-1/$B$4) -> 264.26142
A26: =Data!A20 -> 18 | C26: =$B$2*(1+$B$4*$B$3*A26)^(-1/$B$4) -> 254.82682
A27: =Data!A21 -> 19 | C27: =$B$2*(1+$B$4*$B$3*A27)^(-1/$B$4) -> 246.1326
A28: =Data!A22 -> 20 | C28: =$B$2*(1+$B$4*$B$3*A28)^(-1/$B$4) -> 238.09168
A29: =Data!A23 -> 21 | C29: =$B$2*(1+$B$4*$B$3*A29)^(-1/$B$4) -> 230.63035
A30: =Data!A24 -> 22 | C30: =$B$2*(1+$B$4*$B$3*A30)^(-1/$B$4) -> 223.68577
A31: =Data!A25 -> 23 | C31: =$B$2*(1+$B$4*$B$3*A31)^(-1/$B$4) -> 217.20404
A32: =Data!A26 -> 24 | C32: =$B$2*(1+$B$4*$B$3*A32)^(-1/$B$4) -> 211.13863
... A127: =Data!A121 -> 119 | C127: =$B$2*(1+$B$4*$B$3*A127)^(-1/$B$4) -> 67.145711
