Workbook

Sheet ReadMe
A1: Gas Reservoir Material Balance
A2: This tool was built with guidance from Claude (Anthropic's AI assistant), which was used as a learning aid to understand the underlying formulas, Excel functions, and the Solver-alternative approach used here. The practice dataset used to test and validate the tool during development was also AI-generated sample data, standing in for real well production numbers.
A4: Purpose
A5: This workbook estimates Original Gas in Place (OGIP) for a gas reservoir using the p/Z material balance method.
A7: How to use
A8: See Inputs tab for reservoir parameters, Production History tab for data, and Z-Factor / p-Z Plot tabs for results.
A10: Z-Factor Method
A11: Z was calculated using the Beggs-Brill explicit correlation (an approximation) rather than iterative Hall-Yarborough, for simplicity.
A13: OGIP Result
A14: ='Z-Factor'!B11 -> 3226.7829
A16: Model Assumptions: Volumetric dry-gas reservoir above dew point. No water influx or compaction drive included. Not valid for gas-condensate reservoirs or reservoirs with significant water drive.
A18: Color Legend
A19: Blue text = input (edit these)
A20: Black text = formula (do not overwrite)
A21: Green text = link to another tab
A24: Author: Nahil Nigar

Sheet Inputs
A1: Reservoir Temperature (deg R) | B1: 620
A2: Gas Specific Gravity (G) | B2: 0.65
A3: Initial Pressure p_i (psi) | B3: 4500

Sheet Production History
A1: Date | B1: Cumulative Gas Produced (Gp, MMscf) | C1: Reservoir Pressure (p, psi) | D1: Ppr | E1: Tpr | F1: A param | G1: B param | H1: C param | I1: D param | J1: Z | K1: p/Z | L1: Notes
A2: 45292 | B2: 0 | C2: 4500 | D2: =IF($C2="","",C2/'Z-Factor'!$B$1) -> 6.7073455 | E2: =IF($C2="","",Inputs!$B$1/'Z-Factor'!$B$2) -> 1.6578925 | F2: =IF($C2="","",1.39*(E2-0.92)^0.5-0.36*E2-0.101) -> 0.49617802 | G2: =IF($C2="","",(0.62-0.23*E2)*D2+(0.066/(E2-0.86)-0.037)*D2^2+0.32*D2^6/(10^(9*(E2-1)))) -> 3.692668 | H2: =IF($C2="","",0.132-0.32*LOG10(E2)) -> 0.061741959 | I2: =IF($C2="","",10^(0.3106-0.49*E2+0.1824*E2^2)) -> 0.99903038 | J2: =IF($C2="","",F2+(1-F2)/EXP(G2)+H2*D2^I2) -> 0.92208708 | K2: =IF($C2="","",C2/J2) -> 4880.2332 | L2: Beggs-Brill approximation to Standing-Katz Z-factor chart
A3: 45383 | B3: 150 | C3: 4200 | D3: =IF($C3="","",C3/'Z-Factor'!$B$1) -> 6.2601891 | E3: =IF($C3="","",Inputs!$B$1/'Z-Factor'!$B$2) -> 1.6578925 | F3: =IF($C3="","",1.39*(E3-0.92)^0.5-0.36*E3-0.101) -> 0.49617802 | G3: =IF($C3="","",(0.62-0.23*E3)*D3+(0.066/(E3-0.86)-0.037)*D3^2+0.32*D3^6/(10^(9*(E3-1)))) -> 3.3089963 | H3: =IF($C3="","",0.132-0.32*LOG10(E3)) -> 0.061741959 | I3: =IF($C3="","",10^(0.3106-0.49*E3+0.1824*E3^2)) -> 0.99903038 | J3: =IF($C3="","",F3+(1-F3)/EXP(G3)+H3*D3^I3) -> 0.90042369 | K3: =IF($C3="","",C3/J3) -> 4664.4708 | L3: Beggs-Brill approximation to Standing-Katz Z-factor chart
A4: 45474 | B4: 320 | C4: 3900 | D4: =IF($C4="","",C4/'Z-Factor'!$B$1) -> 5.8130327 | E4: =IF($C4="","",Inputs!$B$1/'Z-Factor'!$B$2) -> 1.6578925 | F4: =IF($C4="","",1.39*(E4-0.92)^0.5-0.36*E4-0.101) -> 0.49617802 | G4: =IF($C4="","",(0.62-0.23*E4)*D4+(0.066/(E4-0.86)-0.037)*D4^2+0.32*D4^6/(10^(9*(E4-1)))) -> 2.9471611 | H4: =IF($C4="","",0.132-0.32*LOG10(E4)) -> 0.061741959 | I4: =IF($C4="","",10^(0.3106-0.49*E4+0.1824*E4^2)) -> 0.99903038 | J4: =IF($C4="","",F4+(1-F4)/EXP(G4)+H4*D4^I4) -> 0.88091891 | K4: =IF($C4="","",C4/J4) -> 4427.1952 | L4: Beggs-Brill approximation to Standing-Katz Z-factor chart
A5: 45566 | B5: 500 | C5: 3600 | D5: =IF($C5="","",C5/'Z-Factor'!$B$1) -> 5.3658764 | E5: =IF($C5="","",Inputs!$B$1/'Z-Factor'!$B$2) -> 1.6578925 | F5: =IF($C5="","",1.39*(E5-0.92)^0.5-0.36*E5-0.101) -> 0.49617802 | G5: =IF($C5="","",(0.62-0.23*E5)*D5+(0.066/(E5-0.86)-0.037)*D5^2+0.32*D5^6/(10^(9*(E5-1)))) -> 2.6062528 | H5: =IF($C5="","",0.132-0.32*LOG10(E5)) -> 0.061741959 | I5: =IF($C5="","",10^(0.3106-0.49*E5+0.1824*E5^2)) -> 0.99903038 | J5: =IF($C5="","",F5+(1-F5)/EXP(G5)+H5*D5^I5) -> 0.8641259 | K5: =IF($C5="","",C5/J5) -> 4166.0596 | L5: Beggs-Brill approximation to Standing-Katz Z-factor chart
A6: 45658 | B6: 690 | C6: 3300 | D6: =IF($C6="","",C6/'Z-Factor'!$B$1) -> 4.91872 | E6: =IF($C6="","",Inputs!$B$1/'Z-Factor'!$B$2) -> 1.6578925 | F6: =IF($C6="","",1.39*(E6-0.92)^0.5-0.36*E6-0.101) -> 0.49617802 | G6: =IF($C6="","",(0.62-0.23*E6)*D6+(0.066/(E6-0.86)-0.037)*D6^2+0.32*D6^6/(10^(9*(E6-1)))) -> 2.2855488 | H6: =IF($C6="","",0.132-0.32*LOG10(E6)) -> 0.061741959 | I6: =IF($C6="","",10^(0.3106-0.49*E6+0.1824*E6^2)) -> 0.99903038 | J6: =IF($C6="","",F6+(1-F6)/EXP(G6)+H6*D6^I6) -> 0.85064857 | K6: =IF($C6="","",C6/J6) -> 3879.3929 | L6: Beggs-Brill approximation to Standing-Katz Z-factor chart
A7: 45748 | B7: 890 | C7: 3000 | D7: =IF($C7="","",C7/'Z-Factor'!$B$1) -> 4.4715636 | E7: =IF($C7="","",Inputs!$B$1/'Z-Factor'!$B$2) -> 1.6578925 | F7: =IF($C7="","",1.39*(E7-0.92)^0.5-0.36*E7-0.101) -> 0.49617802 | G7: =IF($C7="","",(0.62-0.23*E7)*D7+(0.066/(E7-0.86)-0.037)*D7^2+0.32*D7^6/(10^(9*(E7-1)))) -> 1.9844861 | H7: =IF($C7="","",0.132-0.32*LOG10(E7)) -> 0.061741959 | I7: =IF($C7="","",10^(0.3106-0.49*E7+0.1824*E7^2)) -> 0.99903038 | J7: =IF($C7="","",F7+(1-F7)/EXP(G7)+H7*D7^I7) -> 0.84111142 | K7: =IF($C7="","",C7/J7) -> 3566.7094 | L7: Beggs-Brill approximation to Standing-Katz Z-factor chart
A8: 45839 | B8: 1100 | C8: 2700 | D8: =IF($C8="","",C8/'Z-Factor'!$B$1) -> 4.0244073 | E8: =IF($C8="","",Inputs!$B$1/'Z-Factor'!$B$2) -> 1.6578925 | F8: =IF($C8="","",1.39*(E8-0.92)^0.5-0.36*E8-0.101) -> 0.49617802 | G8: =IF($C8="","",(0.62-0.23*E8)*D8+(0.066/(E8-0.86)-0.037)*D8^2+0.32*D8^6/(10^(9*(E8-1)))) -> 1.7026356 | H8: =IF($C8="","",0.132-0.32*LOG10(E8)) -> 0.061741959 | I8: =IF($C8="","",10^(0.3106-0.49*E8+0.1824*E8^2)) -> 0.99903038 | J8: =IF($C8="","",F8+(1-F8)/EXP(G8)+H8*D8^I8) -> 0.83611529 | K8: =IF($C8="","",C8/J8) -> 3229.2197 | L8: Beggs-Brill approximation to Standing-Katz Z-factor chart
A9: 45931 | B9: 1320 | C9: 2400 | D9: =IF($C9="","",C9/'Z-Factor'!$B$1) -> 3.5772509 | E9: =IF($C9="","",Inputs!$B$1/'Z-Factor'!$B$2) -> 1.6578925 | F9: =IF($C9="","",1.39*(E9-0.92)^0.5-0.36*E9-0.101) -> 0.49617802 | G9: =IF($C9="","",(0.62-0.23*E9)*D9+(0.066/(E9-0.86)-0.037)*D9^2+0.32*D9^6/(10^(9*(E9-1)))) -> 1.4396788 | H9: =IF($C9="","",0.132-0.32*LOG10(E9)) -> 0.061741959 | I9: =IF($C9="","",10^(0.3106-0.49*E9+0.1824*E9^2)) -> 0.99903038 | J9: =IF($C9="","",F9+(1-F9)/EXP(G9)+H9*D9^I9) -> 0.83617946 | K9: =IF($C9="","",C9/J9) -> 2870.1973 | L9: Beggs-Brill approximation to Standing-Katz Z-factor chart
D10: =IF($C10="","",C10/'Z-Factor'!$B$1) | E10: =IF($C10="","",Inputs!$B$1/'Z-Factor'!$B$2) | F10: =IF($C10="","",1.39*(E10-0.92)^0.5-0.36*E10-0.101) | G10: =IF($C10="","",(0.62-0.23*E10)*D10+(0.066/(E10-0.86)-0.037)*D10^2+0.32*D10^6/(10^(9*(E10-1)))) | H10: =IF($C10="","",0.132-0.32*LOG10(E10)) | I10: =IF($C10="","",10^(0.3106-0.49*E10+0.1824*E10^2)) | J10: =IF($C10="","",F10+(1-F10)/EXP(G10)+H10*D10^I10) | K10: =IF($C10="","",C10/J10)
D11: =IF($C11="","",C11/'Z-Factor'!$B$1) | E11: =IF($C11="","",Inputs!$B$1/'Z-Factor'!$B$2) | F11: =IF($C11="","",1.39*(E11-0.92)^0.5-0.36*E11-0.101) | G11: =IF($C11="","",(0.62-0.23*E11)*D11+(0.066/(E11-0.86)-0.037)*D11^2+0.32*D11^6/(10^(9*(E11-1)))) | H11: =IF($C11="","",0.132-0.32*LOG10(E11)) | I11: =IF($C11="","",10^(0.3106-0.49*E11+0.1824*E11^2)) | J11: =IF($C11="","",F11+(1-F11)/EXP(G11)+H11*D11^I11) | K11: =IF($C11="","",C11/J11)
D12: =IF($C12="","",C12/'Z-Factor'!$B$1) | E12: =IF($C12="","",Inputs!$B$1/'Z-Factor'!$B$2) | F12: =IF($C12="","",1.39*(E12-0.92)^0.5-0.36*E12-0.101) | G12: =IF($C12="","",(0.62-0.23*E12)*D12+(0.066/(E12-0.86)-0.037)*D12^2+0.32*D12^6/(10^(9*(E12-1)))) | H12: =IF($C12="","",0.132-0.32*LOG10(E12)) | I12: =IF($C12="","",10^(0.3106-0.49*E12+0.1824*E12^2)) | J12: =IF($C12="","",F12+(1-F12)/EXP(G12)+H12*D12^I12) | K12: =IF($C12="","",C12/J12)
D13: =IF($C13="","",C13/'Z-Factor'!$B$1) | E13: =IF($C13="","",Inputs!$B$1/'Z-Factor'!$B$2) | F13: =IF($C13="","",1.39*(E13-0.92)^0.5-0.36*E13-0.101) | G13: =IF($C13="","",(0.62-0.23*E13)*D13+(0.066/(E13-0.86)-0.037)*D13^2+0.32*D13^6/(10^(9*(E13-1)))) | H13: =IF($C13="","",0.132-0.32*LOG10(E13)) | I13: =IF($C13="","",10^(0.3106-0.49*E13+0.1824*E13^2)) | J13: =IF($C13="","",F13+(1-F13)/EXP(G13)+H13*D13^I13) | K13: =IF($C13="","",C13/J13)
D14: =IF($C14="","",C14/'Z-Factor'!$B$1) | E14: =IF($C14="","",Inputs!$B$1/'Z-Factor'!$B$2) | F14: =IF($C14="","",1.39*(E14-0.92)^0.5-0.36*E14-0.101) | G14: =IF($C14="","",(0.62-0.23*E14)*D14+(0.066/(E14-0.86)-0.037)*D14^2+0.32*D14^6/(10^(9*(E14-1)))) | H14: =IF($C14="","",0.132-0.32*LOG10(E14)) | I14: =IF($C14="","",10^(0.3106-0.49*E14+0.1824*E14^2)) | J14: =IF($C14="","",F14+(1-F14)/EXP(G14)+H14*D14^I14) | K14: =IF($C14="","",C14/J14)
D15: =IF($C15="","",C15/'Z-Factor'!$B$1) | E15: =IF($C15="","",Inputs!$B$1/'Z-Factor'!$B$2) | F15: =IF($C15="","",1.39*(E15-0.92)^0.5-0.36*E15-0.101) | G15: =IF($C15="","",(0.62-0.23*E15)*D15+(0.066/(E15-0.86)-0.037)*D15^2+0.32*D15^6/(10^(9*(E15-1)))) | H15: =IF($C15="","",0.132-0.32*LOG10(E15)) | I15: =IF($C15="","",10^(0.3106-0.49*E15+0.1824*E15^2)) | J15: =IF($C15="","",F15+(1-F15)/EXP(G15)+H15*D15^I15) | K15: =IF($C15="","",C15/J15)
D16: =IF($C16="","",C16/'Z-Factor'!$B$1) | E16: =IF($C16="","",Inputs!$B$1/'Z-Factor'!$B$2) | F16: =IF($C16="","",1.39*(E16-0.92)^0.5-0.36*E16-0.101) | G16: =IF($C16="","",(0.62-0.23*E16)*D16+(0.066/(E16-0.86)-0.037)*D16^2+0.32*D16^6/(10^(9*(E16-1)))) | H16: =IF($C16="","",0.132-0.32*LOG10(E16)) | I16: =IF($C16="","",10^(0.3106-0.49*E16+0.1824*E16^2)) | J16: =IF($C16="","",F16+(1-F16)/EXP(G16)+H16*D16^I16) | K16: =IF($C16="","",C16/J16)
D17: =IF($C17="","",C17/'Z-Factor'!$B$1) | E17: =IF($C17="","",Inputs!$B$1/'Z-Factor'!$B$2) | F17: =IF($C17="","",1.39*(E17-0.92)^0.5-0.36*E17-0.101) | G17: =IF($C17="","",(0.62-0.23*E17)*D17+(0.066/(E17-0.86)-0.037)*D17^2+0.32*D17^6/(10^(9*(E17-1)))) | H17: =IF($C17="","",0.132-0.32*LOG10(E17)) | I17: =IF($C17="","",10^(0.3106-0.49*E17+0.1824*E17^2)) | J17: =IF($C17="","",F17+(1-F17)/EXP(G17)+H17*D17^I17) | K17: =IF($C17="","",C17/J17)
D18: =IF($C18="","",C18/'Z-Factor'!$B$1) | E18: =IF($C18="","",Inputs!$B$1/'Z-Factor'!$B$2) | F18: =IF($C18="","",1.39*(E18-0.92)^0.5-0.36*E18-0.101) | G18: =IF($C18="","",(0.62-0.23*E18)*D18+(0.066/(E18-0.86)-0.037)*D18^2+0.32*D18^6/(10^(9*(E18-1)))) | H18: =IF($C18="","",0.132-0.32*LOG10(E18)) | I18: =IF($C18="","",10^(0.3106-0.49*E18+0.1824*E18^2)) | J18: =IF($C18="","",F18+(1-F18)/EXP(G18)+H18*D18^I18) | K18: =IF($C18="","",C18/J18)
D19: =IF($C19="","",C19/'Z-Factor'!$B$1) | E19: =IF($C19="","",Inputs!$B$1/'Z-Factor'!$B$2) | F19: =IF($C19="","",1.39*(E19-0.92)^0.5-0.36*E19-0.101) | G19: =IF($C19="","",(0.62-0.23*E19)*D19+(0.066/(E19-0.86)-0.037)*D19^2+0.32*D19^6/(10^(9*(E19-1)))) | H19: =IF($C19="","",0.132-0.32*LOG10(E19)) | I19: =IF($C19="","",10^(0.3106-0.49*E19+0.1824*E19^2)) | J19: =IF($C19="","",F19+(1-F19)/EXP(G19)+H19*D19^I19) | K19: =IF($C19="","",C19/J19)
D20: =IF($C20="","",C20/'Z-Factor'!$B$1) | E20: =IF($C20="","",Inputs!$B$1/'Z-Factor'!$B$2) | F20: =IF($C20="","",1.39*(E20-0.92)^0.5-0.36*E20-0.101) | G20: =IF($C20="","",(0.62-0.23*E20)*D20+(0.066/(E20-0.86)-0.037)*D20^2+0.32*D20^6/(10^(9*(E20-1)))) | H20: =IF($C20="","",0.132-0.32*LOG10(E20)) | I20: =IF($C20="","",10^(0.3106-0.49*E20+0.1824*E20^2)) | J20: =IF($C20="","",F20+(1-F20)/EXP(G20)+H20*D20^I20) | K20: =IF($C20="","",C20/J20)
D21: =IF($C21="","",C21/'Z-Factor'!$B$1) | E21: =IF($C21="","",Inputs!$B$1/'Z-Factor'!$B$2) | F21: =IF($C21="","",1.39*(E21-0.92)^0.5-0.36*E21-0.101) | G21: =IF($C21="","",(0.62-0.23*E21)*D21+(0.066/(E21-0.86)-0.037)*D21^2+0.32*D21^6/(10^(9*(E21-1)))) | H21: =IF($C21="","",0.132-0.32*LOG10(E21)) | I21: =IF($C21="","",10^(0.3106-0.49*E21+0.1824*E21^2)) | J21: =IF($C21="","",F21+(1-F21)/EXP(G21)+H21*D21^I21) | K21: =IF($C21="","",C21/J21)

Sheet Z-Factor
A1: Pseudo-Critical Pressure (Ppc, psi) | B1: =677+15*Inputs!B2-37.5*Inputs!B2^2 -> 670.90625
A2: Pseudo-Critical Temperature (Tpc, deg R) | B2: =168+325*Inputs!B2-12.5*Inputs!B2^2 -> 373.96875
A3: Reservoir Temperature (deg R) | B3: =Inputs!B1 -> 620
A4: B parameter
A5: C parameter
A6: D parameter
A9: Slope | B9: =SLOPE('Production History'!K2:K21,'Production History'!B2:B21) -> -1.5200095
A10: Intercept | B10: =INTERCEPT('Production History'!K2:K21,'Production History'!B2:B21) -> 4904.7407
A11: OGIP (MMscf) | B11: =-B10/B9 -> 3226.7829 | C11: MMscf
A12: R-squared (fit quality) | B12: =RSQ('Production History'!K2:K21,'Production History'!B2:B21) -> 0.99918071 | C12: fraction
A13: Latest Cumulative Production, Gp | B13: =MAX('Production History'!B2:B21) -> 1320 | C13: MMscf
A14: Current Recovery Factor (Gp/G) | B14: =B13/B11 -> 0.40907618
A15: Remaining Recoverable Gas | B15: =B11-B13 -> 1906.7829
